/*Insert values in ParkingLot*/

insert into parkinglot values ('Freedom Lot', '2105 Daniel Allen St, NC 27505');
insert into parkinglot values ('Premiere Lot', '2108 McKent St, NC 27507');
insert into parkinglot values ('Justice Lot', '2704 Ben Clark St, NC 26701');


/*Insert values into Zone table*/

insert into zone values ('A');
insert into zone values ('B');
insert into zone values ('C');
insert into zone values ('D');
insert into zone values ('AS');
insert into zone values ('BS');
insert into zone values ('CS');
insert into zone values ('DS');
insert into zone values ('R');
insert into zone values ('RS');
insert into zone values ('V');


/*Insert values into rel_allocated table*/

insert into rel_allocated values  ('A','Freedom Lot');
insert into rel_allocated values  ('B','Freedom Lot');
insert into rel_allocated values  ('C','Freedom Lot');
insert into rel_allocated values  ('D','Freedom Lot');
insert into rel_allocated values  ('A','Premiere Lot');
insert into rel_allocated values  ('B','Premiere Lot');
insert into rel_allocated values  ('C','Premiere Lot');
insert into rel_allocated values  ('D','Premiere Lot');
insert into rel_allocated values  ('AS','Premiere Lot');
insert into rel_allocated values  ('BS','Premiere Lot');
insert into rel_allocated values  ('CS','Premiere Lot');
insert into rel_allocated values  ('DS','Premiere Lot');
insert into rel_allocated values  ('V','Premiere Lot');
insert into rel_allocated values  ('AS','Justice Lot');
insert into rel_allocated values  ('BS','Justice Lot');
insert into rel_allocated values  ('CS','Justice Lot');
insert into rel_allocated values  ('DS','Justice Lot');
insert into rel_allocated values  ('V','Justice Lot');

/*Insert values into space table*/
insert into space(spaceid,lotname,isavailable,isvisitor) values ('s1','Freedom Lot',1,0);
insert into space(spaceid,lotname,isavailable,isvisitor) values ('s2','Freedom Lot',1,0);
insert into space(spaceid,lotname,isavailable,isvisitor) values ('s3','Freedom Lot',1,0);
insert into space(spaceid,lotname,isavailable,isvisitor) values ('s4','Freedom Lot',1,0);
insert into space(spaceid,lotname,isavailable,isvisitor) values ('s5','Freedom Lot',1,0);
insert into space(spaceid,lotname,isavailable,isvisitor) values ('s6','Freedom Lot',1,0);
insert into space(spaceid,lotname,isavailable,isvisitor) values ('s7','Freedom Lot',1,0);
insert into space(spaceid,lotname,isavailable,isvisitor) values ('s8','Freedom Lot',1,0);
insert into space(spaceid,lotname,isavailable,isvisitor) values ('s9','Freedom Lot',1,0);
insert into space(spaceid,lotname,isavailable,isvisitor) values ('s10','Freedom Lot',1,0);
insert into space(spaceid,lotname,isavailable,isvisitor) values ('s11','Freedom Lot',1,0);
insert into space(spaceid,lotname,isavailable,isvisitor) values ('s12','Freedom Lot',1,0);
insert into space(spaceid,lotname,isavailable,isvisitor) values ('s13','Freedom Lot',1,0);
insert into space(spaceid,lotname,isavailable,isvisitor) values ('s14','Freedom Lot',1,0);
insert into space(spaceid,lotname,isavailable,isvisitor) values ('s15','Freedom Lot',1,0);
insert into space(spaceid,lotname,isavailable,isvisitor) values ('s16','Freedom Lot',1,0);
insert into space(spaceid,lotname,isavailable,isvisitor) values ('s17','Freedom Lot',1,0);
insert into space(spaceid,lotname,isavailable,isvisitor) values ('s18','Freedom Lot',1,0);
insert into space(spaceid,lotname,isavailable,isvisitor) values ('s19','Freedom Lot',1,0);
insert into space(spaceid,lotname,isavailable,isvisitor) values ('s20','Freedom Lot',1,0);
insert into space(spaceid,lotname,isavailable,isvisitor) values ('s21','Freedom Lot',1,0);
insert into space(spaceid,lotname,isavailable,isvisitor) values ('s22','Freedom Lot',1,0);
insert into space(spaceid,lotname,isavailable,isvisitor) values ('s23','Freedom Lot',1,0);
insert into space(spaceid,lotname,isavailable,isvisitor) values ('s24','Freedom Lot',1,0);
insert into space(spaceid,lotname,isavailable,isvisitor) values ('s25','Freedom Lot',1,0);
insert into space(spaceid,lotname,isavailable,isvisitor) values ('s26','Freedom Lot',1,0);
insert into space(spaceid,lotname,isavailable,isvisitor) values ('s27','Freedom Lot',1,0);
insert into space(spaceid,lotname,isavailable,isvisitor) values ('s28','Freedom Lot',1,0);
insert into space(spaceid,lotname,isavailable,isvisitor) values ('s29','Freedom Lot',1,0);
insert into space(spaceid,lotname,isavailable,isvisitor) values ('s30','Freedom Lot',1,0);
insert into space(spaceid,lotname,isavailable,isvisitor) values ('s31','Freedom Lot',1,0);
insert into space(spaceid,lotname,isavailable,isvisitor) values ('s32','Freedom Lot',1,0);
insert into space(spaceid,lotname,isavailable,isvisitor) values ('s33','Freedom Lot',1,0);
insert into space(spaceid,lotname,isavailable,isvisitor) values ('s34','Freedom Lot',1,0);
insert into space(spaceid,lotname,isavailable,isvisitor) values ('s35','Freedom Lot',1,0);
insert into space(spaceid,lotname,isavailable,isvisitor) values ('s36','Freedom Lot',1,0);
insert into space(spaceid,lotname,isavailable,isvisitor) values ('s37','Freedom Lot',1,0);
insert into space(spaceid,lotname,isavailable,isvisitor) values ('s38','Freedom Lot',1,0);
insert into space(spaceid,lotname,isavailable,isvisitor) values ('s39','Freedom Lot',1,0);
insert into space(spaceid,lotname,isavailable,isvisitor) values ('s40','Freedom Lot',1,0);
insert into space(spaceid,lotname,isavailable,isvisitor) values ('s41','Freedom Lot',1,0);
insert into space(spaceid,lotname,isavailable,isvisitor) values ('s42','Freedom Lot',1,0);
insert into space(spaceid,lotname,isavailable,isvisitor) values ('s43','Freedom Lot',1,0);
insert into space(spaceid,lotname,isavailable,isvisitor) values ('s44','Freedom Lot',1,0);
insert into space(spaceid,lotname,isavailable,isvisitor) values ('s45','Freedom Lot',1,0);
insert into space(spaceid,lotname,isavailable,isvisitor) values ('s46','Freedom Lot',1,0);
insert into space(spaceid,lotname,isavailable,isvisitor) values ('s47','Freedom Lot',1,0);
insert into space(spaceid,lotname,isavailable,isvisitor) values ('s48','Freedom Lot',1,0);
insert into space(spaceid,lotname,isavailable,isvisitor) values ('s49','Freedom Lot',1,0);
insert into space(spaceid,lotname,isavailable,isvisitor) values ('s50','Freedom Lot',1,0);
insert into space(spaceid,lotname,isavailable,isvisitor) values ('s51','Freedom Lot',1,0);
insert into space(spaceid,lotname,isavailable,isvisitor) values ('s52','Freedom Lot',1,0);
insert into space(spaceid,lotname,isavailable,isvisitor) values ('s53','Freedom Lot',1,0);
insert into space(spaceid,lotname,isavailable,isvisitor) values ('s54','Freedom Lot',1,0);
insert into space(spaceid,lotname,isavailable,isvisitor) values ('s55','Freedom Lot',1,0);
insert into space(spaceid,lotname,isavailable,isvisitor) values ('s56','Freedom Lot',1,0);
insert into space(spaceid,lotname,isavailable,isvisitor) values ('s57','Freedom Lot',1,0);
insert into space(spaceid,lotname,isavailable,isvisitor) values ('s58','Freedom Lot',1,0);
insert into space(spaceid,lotname,isavailable,isvisitor) values ('s59','Freedom Lot',1,0);
insert into space(spaceid,lotname,isavailable,isvisitor) values ('s60','Freedom Lot',1,0);
insert into space(spaceid,lotname,isavailable,isvisitor) values ('s61','Freedom Lot',1,0);
insert into space(spaceid,lotname,isavailable,isvisitor) values ('s62','Freedom Lot',1,0);
insert into space(spaceid,lotname,isavailable,isvisitor) values ('s63','Freedom Lot',1,0);
insert into space(spaceid,lotname,isavailable,isvisitor) values ('s64','Freedom Lot',1,0);
insert into space(spaceid,lotname,isavailable,isvisitor) values ('s65','Freedom Lot',1,0);
insert into space(spaceid,lotname,isavailable,isvisitor) values ('s66','Freedom Lot',1,0);
insert into space(spaceid,lotname,isavailable,isvisitor) values ('s67','Freedom Lot',1,0);
insert into space(spaceid,lotname,isavailable,isvisitor) values ('s68','Freedom Lot',1,0);
insert into space(spaceid,lotname,isavailable,isvisitor) values ('s69','Freedom Lot',1,0);
insert into space(spaceid,lotname,isavailable,isvisitor) values ('s70','Freedom Lot',1,0);
insert into space(spaceid,lotname,isavailable,isvisitor) values ('s71','Freedom Lot',1,0);
insert into space(spaceid,lotname,isavailable,isvisitor) values ('s72','Freedom Lot',1,0);
insert into space(spaceid,lotname,isavailable,isvisitor) values ('s73','Freedom Lot',1,0);
insert into space(spaceid,lotname,isavailable,isvisitor) values ('s74','Freedom Lot',1,0);
insert into space(spaceid,lotname,isavailable,isvisitor) values ('s75','Freedom Lot',1,0);
insert into space(spaceid,lotname,isavailable,isvisitor) values ('s76','Freedom Lot',1,0);
insert into space(spaceid,lotname,isavailable,isvisitor) values ('s77','Freedom Lot',1,0);
insert into space(spaceid,lotname,isavailable,isvisitor) values ('s78','Freedom Lot',1,0);
insert into space(spaceid,lotname,isavailable,isvisitor) values ('s79','Freedom Lot',1,0);
insert into space(spaceid,lotname,isavailable,isvisitor) values ('s80','Freedom Lot',1,0);
insert into space(spaceid,lotname,isavailable,isvisitor) values ('s81','Freedom Lot',1,0);
insert into space(spaceid,lotname,isavailable,isvisitor) values ('s82','Freedom Lot',1,0);
insert into space(spaceid,lotname,isavailable,isvisitor) values ('s83','Freedom Lot',1,0);
insert into space(spaceid,lotname,isavailable,isvisitor) values ('s84','Freedom Lot',1,0);
insert into space(spaceid,lotname,isavailable,isvisitor) values ('s85','Freedom Lot',1,0);
insert into space(spaceid,lotname,isavailable,isvisitor) values ('s86','Freedom Lot',1,0);
insert into space(spaceid,lotname,isavailable,isvisitor) values ('s87','Freedom Lot',1,0);
insert into space(spaceid,lotname,isavailable,isvisitor) values ('s88','Freedom Lot',1,0);
insert into space(spaceid,lotname,isavailable,isvisitor) values ('s89','Freedom Lot',1,0);
insert into space(spaceid,lotname,isavailable,isvisitor) values ('s90','Freedom Lot',1,0);
insert into space(spaceid,lotname,isavailable,isvisitor) values ('s91','Freedom Lot',1,0);
insert into space(spaceid,lotname,isavailable,isvisitor) values ('s92','Freedom Lot',1,0);
insert into space(spaceid,lotname,isavailable,isvisitor) values ('s93','Freedom Lot',1,0);
insert into space(spaceid,lotname,isavailable,isvisitor) values ('s94','Freedom Lot',1,0);
insert into space(spaceid,lotname,isavailable,isvisitor) values ('s95','Freedom Lot',1,0);
insert into space(spaceid,lotname,isavailable,isvisitor) values ('s96','Freedom Lot',1,0);
insert into space(spaceid,lotname,isavailable,isvisitor) values ('s97','Freedom Lot',1,0);
insert into space(spaceid,lotname,isavailable,isvisitor) values ('s98','Freedom Lot',1,0);
insert into space(spaceid,lotname,isavailable,isvisitor) values ('s99','Freedom Lot',1,0);
insert into space(spaceid,lotname,isavailable,isvisitor) values ('s100','Freedom Lot',1,0);
insert into space(spaceid,lotname,isavailable,isvisitor) values ('s101','Freedom Lot',1,0);
insert into space(spaceid,lotname,isavailable,isvisitor) values ('s102','Freedom Lot',1,0);
insert into space(spaceid,lotname,isavailable,isvisitor) values ('s103','Freedom Lot',1,0);
insert into space(spaceid,lotname,isavailable,isvisitor) values ('s104','Freedom Lot',1,0);
insert into space(spaceid,lotname,isavailable,isvisitor) values ('s105','Freedom Lot',1,0);
insert into space(spaceid,lotname,isavailable,isvisitor) values ('s106','Freedom Lot',1,0);
insert into space(spaceid,lotname,isavailable,isvisitor) values ('s107','Freedom Lot',1,0);
insert into space(spaceid,lotname,isavailable,isvisitor) values ('s108','Freedom Lot',1,0);
insert into space(spaceid,lotname,isavailable,isvisitor) values ('s109','Freedom Lot',1,0);
insert into space(spaceid,lotname,isavailable,isvisitor) values ('s110','Freedom Lot',1,0);
insert into space(spaceid,lotname,isavailable,isvisitor) values ('s111','Freedom Lot',1,0);
insert into space(spaceid,lotname,isavailable,isvisitor) values ('s112','Freedom Lot',1,0);
insert into space(spaceid,lotname,isavailable,isvisitor) values ('s113','Freedom Lot',1,0);
insert into space(spaceid,lotname,isavailable,isvisitor) values ('s114','Freedom Lot',1,0);
insert into space(spaceid,lotname,isavailable,isvisitor) values ('s115','Freedom Lot',1,0);
insert into space(spaceid,lotname,isavailable,isvisitor) values ('s116','Freedom Lot',1,0);
insert into space(spaceid,lotname,isavailable,isvisitor) values ('s117','Freedom Lot',1,0);
insert into space(spaceid,lotname,isavailable,isvisitor) values ('s118','Freedom Lot',1,0);
insert into space(spaceid,lotname,isavailable,isvisitor) values ('s119','Freedom Lot',1,0);
insert into space(spaceid,lotname,isavailable,isvisitor) values ('s120','Freedom Lot',1,0);
insert into space(spaceid,lotname,isavailable,isvisitor) values ('s121','Freedom Lot',1,0);
insert into space(spaceid,lotname,isavailable,isvisitor) values ('s122','Freedom Lot',1,0);
insert into space(spaceid,lotname,isavailable,isvisitor) values ('s123','Freedom Lot',1,0);
insert into space(spaceid,lotname,isavailable,isvisitor) values ('s124','Freedom Lot',1,0);
insert into space(spaceid,lotname,isavailable,isvisitor) values ('s125','Freedom Lot',1,0);
insert into space(spaceid,lotname,isavailable,isvisitor) values ('s126','Freedom Lot',1,0);
insert into space(spaceid,lotname,isavailable,isvisitor) values ('s127','Freedom Lot',1,0);
insert into space(spaceid,lotname,isavailable,isvisitor) values ('s128','Freedom Lot',1,0);
insert into space(spaceid,lotname,isavailable,isvisitor) values ('s129','Freedom Lot',1,0);
insert into space(spaceid,lotname,isavailable,isvisitor) values ('s130','Freedom Lot',1,0);
insert into space(spaceid,lotname,isavailable,isvisitor) values ('s131','Freedom Lot',1,0);
insert into space(spaceid,lotname,isavailable,isvisitor) values ('s132','Freedom Lot',1,0);
insert into space(spaceid,lotname,isavailable,isvisitor) values ('s133','Freedom Lot',1,0);
insert into space(spaceid,lotname,isavailable,isvisitor) values ('s134','Freedom Lot',1,0);
insert into space(spaceid,lotname,isavailable,isvisitor) values ('s135','Freedom Lot',1,0);
insert into space(spaceid,lotname,isavailable,isvisitor) values ('s136','Freedom Lot',1,0);
insert into space(spaceid,lotname,isavailable,isvisitor) values ('s137','Freedom Lot',1,0);
insert into space(spaceid,lotname,isavailable,isvisitor) values ('s138','Freedom Lot',1,0);
insert into space(spaceid,lotname,isavailable,isvisitor) values ('s139','Freedom Lot',1,0);
insert into space(spaceid,lotname,isavailable,isvisitor) values ('s140','Freedom Lot',1,0);
insert into space(spaceid,lotname,isavailable,isvisitor) values ('s141','Freedom Lot',1,0);
insert into space(spaceid,lotname,isavailable,isvisitor) values ('s142','Freedom Lot',1,0);
insert into space(spaceid,lotname,isavailable,isvisitor) values ('s143','Freedom Lot',1,0);
insert into space(spaceid,lotname,isavailable,isvisitor) values ('s144','Freedom Lot',1,0);
insert into space(spaceid,lotname,isavailable,isvisitor) values ('s145','Freedom Lot',1,0);
insert into space(spaceid,lotname,isavailable,isvisitor) values ('s146','Freedom Lot',1,0);
insert into space(spaceid,lotname,isavailable,isvisitor) values ('s147','Freedom Lot',1,0);
insert into space(spaceid,lotname,isavailable,isvisitor) values ('s148','Freedom Lot',1,0);
insert into space(spaceid,lotname,isavailable,isvisitor) values ('s149','Freedom Lot',1,0);
insert into space(spaceid,lotname,isavailable,isvisitor) values ('s150','Freedom Lot',1,0);
insert into space(spaceid,lotname,isavailable,isvisitor) values ('s1','Premiere Lot',1,0);
insert into space(spaceid,lotname,isavailable,isvisitor) values ('s2','Premiere Lot',1,0);
insert into space(spaceid,lotname,isavailable,isvisitor) values ('s3','Premiere Lot',1,0);
insert into space(spaceid,lotname,isavailable,isvisitor) values ('s4','Premiere Lot',1,0);
insert into space(spaceid,lotname,isavailable,isvisitor) values ('s5','Premiere Lot',1,0);
insert into space(spaceid,lotname,isavailable,isvisitor) values ('s6','Premiere Lot',1,0);
insert into space(spaceid,lotname,isavailable,isvisitor) values ('s7','Premiere Lot',1,0);
insert into space(spaceid,lotname,isavailable,isvisitor) values ('s8','Premiere Lot',1,0);
insert into space(spaceid,lotname,isavailable,isvisitor) values ('s9','Premiere Lot',1,0);
insert into space(spaceid,lotname,isavailable,isvisitor) values ('s10','Premiere Lot',1,0);
insert into space(spaceid,lotname,isavailable,isvisitor) values ('s11','Premiere Lot',1,0);
insert into space(spaceid,lotname,isavailable,isvisitor) values ('s12','Premiere Lot',1,0);
insert into space(spaceid,lotname,isavailable,isvisitor) values ('s13','Premiere Lot',1,0);
insert into space(spaceid,lotname,isavailable,isvisitor) values ('s14','Premiere Lot',1,0);
insert into space(spaceid,lotname,isavailable,isvisitor) values ('s15','Premiere Lot',1,0);
insert into space(spaceid,lotname,isavailable,isvisitor) values ('s16','Premiere Lot',1,0);
insert into space(spaceid,lotname,isavailable,isvisitor) values ('s17','Premiere Lot',1,0);
insert into space(spaceid,lotname,isavailable,isvisitor) values ('s18','Premiere Lot',1,0);
insert into space(spaceid,lotname,isavailable,isvisitor) values ('s19','Premiere Lot',1,0);
insert into space(spaceid,lotname,isavailable,isvisitor) values ('s20','Premiere Lot',1,0);
insert into space(spaceid,lotname,isavailable,isvisitor) values ('s21','Premiere Lot',1,0);
insert into space(spaceid,lotname,isavailable,isvisitor) values ('s22','Premiere Lot',1,0);
insert into space(spaceid,lotname,isavailable,isvisitor) values ('s23','Premiere Lot',1,0);
insert into space(spaceid,lotname,isavailable,isvisitor) values ('s24','Premiere Lot',1,0);
insert into space(spaceid,lotname,isavailable,isvisitor) values ('s25','Premiere Lot',1,0);
insert into space(spaceid,lotname,isavailable,isvisitor) values ('s26','Premiere Lot',1,0);
insert into space(spaceid,lotname,isavailable,isvisitor) values ('s27','Premiere Lot',1,0);
insert into space(spaceid,lotname,isavailable,isvisitor) values ('s28','Premiere Lot',1,0);
insert into space(spaceid,lotname,isavailable,isvisitor) values ('s29','Premiere Lot',1,0);
insert into space(spaceid,lotname,isavailable,isvisitor) values ('s30','Premiere Lot',1,0);
insert into space(spaceid,lotname,isavailable,isvisitor) values ('s31','Premiere Lot',1,0);
insert into space(spaceid,lotname,isavailable,isvisitor) values ('s32','Premiere Lot',1,0);
insert into space(spaceid,lotname,isavailable,isvisitor) values ('s33','Premiere Lot',1,0);
insert into space(spaceid,lotname,isavailable,isvisitor) values ('s34','Premiere Lot',1,0);
insert into space(spaceid,lotname,isavailable,isvisitor) values ('s35','Premiere Lot',1,0);
insert into space(spaceid,lotname,isavailable,isvisitor) values ('s36','Premiere Lot',1,0);
insert into space(spaceid,lotname,isavailable,isvisitor) values ('s37','Premiere Lot',1,0);
insert into space(spaceid,lotname,isavailable,isvisitor) values ('s38','Premiere Lot',1,0);
insert into space(spaceid,lotname,isavailable,isvisitor) values ('s39','Premiere Lot',1,0);
insert into space(spaceid,lotname,isavailable,isvisitor) values ('s40','Premiere Lot',1,0);
insert into space(spaceid,lotname,isavailable,isvisitor) values ('s41','Premiere Lot',1,0);
insert into space(spaceid,lotname,isavailable,isvisitor) values ('s42','Premiere Lot',1,0);
insert into space(spaceid,lotname,isavailable,isvisitor) values ('s43','Premiere Lot',1,0);
insert into space(spaceid,lotname,isavailable,isvisitor) values ('s44','Premiere Lot',1,0);
insert into space(spaceid,lotname,isavailable,isvisitor) values ('s45','Premiere Lot',1,0);
insert into space(spaceid,lotname,isavailable,isvisitor) values ('s46','Premiere Lot',1,0);
insert into space(spaceid,lotname,isavailable,isvisitor) values ('s47','Premiere Lot',1,0);
insert into space(spaceid,lotname,isavailable,isvisitor) values ('s48','Premiere Lot',1,0);
insert into space(spaceid,lotname,isavailable,isvisitor) values ('s49','Premiere Lot',1,0);
insert into space(spaceid,lotname,isavailable,isvisitor) values ('s50','Premiere Lot',1,0);
insert into space(spaceid,lotname,isavailable,isvisitor) values ('s51','Premiere Lot',1,0);
insert into space(spaceid,lotname,isavailable,isvisitor) values ('s52','Premiere Lot',1,0);
insert into space(spaceid,lotname,isavailable,isvisitor) values ('s53','Premiere Lot',1,0);
insert into space(spaceid,lotname,isavailable,isvisitor) values ('s54','Premiere Lot',1,0);
insert into space(spaceid,lotname,isavailable,isvisitor) values ('s55','Premiere Lot',1,0);
insert into space(spaceid,lotname,isavailable,isvisitor) values ('s56','Premiere Lot',1,0);
insert into space(spaceid,lotname,isavailable,isvisitor) values ('s57','Premiere Lot',1,0);
insert into space(spaceid,lotname,isavailable,isvisitor) values ('s58','Premiere Lot',1,0);
insert into space(spaceid,lotname,isavailable,isvisitor) values ('s59','Premiere Lot',1,0);
insert into space(spaceid,lotname,isavailable,isvisitor) values ('s60','Premiere Lot',1,0);
insert into space(spaceid,lotname,isavailable,isvisitor) values ('s61','Premiere Lot',1,0);
insert into space(spaceid,lotname,isavailable,isvisitor) values ('s62','Premiere Lot',1,0);
insert into space(spaceid,lotname,isavailable,isvisitor) values ('s63','Premiere Lot',1,0);
insert into space(spaceid,lotname,isavailable,isvisitor) values ('s64','Premiere Lot',1,0);
insert into space(spaceid,lotname,isavailable,isvisitor) values ('s65','Premiere Lot',1,0);
insert into space(spaceid,lotname,isavailable,isvisitor) values ('s66','Premiere Lot',1,0);
insert into space(spaceid,lotname,isavailable,isvisitor) values ('s67','Premiere Lot',1,0);
insert into space(spaceid,lotname,isavailable,isvisitor) values ('s68','Premiere Lot',1,0);
insert into space(spaceid,lotname,isavailable,isvisitor) values ('s69','Premiere Lot',1,0);
insert into space(spaceid,lotname,isavailable,isvisitor) values ('s70','Premiere Lot',1,0);
insert into space(spaceid,lotname,isavailable,isvisitor) values ('s71','Premiere Lot',1,0);
insert into space(spaceid,lotname,isavailable,isvisitor) values ('s72','Premiere Lot',1,0);
insert into space(spaceid,lotname,isavailable,isvisitor) values ('s73','Premiere Lot',1,0);
insert into space(spaceid,lotname,isavailable,isvisitor) values ('s74','Premiere Lot',1,0);
insert into space(spaceid,lotname,isavailable,isvisitor) values ('s75','Premiere Lot',1,0);
insert into space(spaceid,lotname,isavailable,isvisitor) values ('s76','Premiere Lot',1,0);
insert into space(spaceid,lotname,isavailable,isvisitor) values ('s77','Premiere Lot',1,0);
insert into space(spaceid,lotname,isavailable,isvisitor) values ('s78','Premiere Lot',1,0);
insert into space(spaceid,lotname,isavailable,isvisitor) values ('s79','Premiere Lot',1,0);
insert into space(spaceid,lotname,isavailable,isvisitor) values ('s80','Premiere Lot',1,0);
insert into space(spaceid,lotname,isavailable,isvisitor) values ('s81','Premiere Lot',1,0);
insert into space(spaceid,lotname,isavailable,isvisitor) values ('s82','Premiere Lot',1,0);
insert into space(spaceid,lotname,isavailable,isvisitor) values ('s83','Premiere Lot',1,0);
insert into space(spaceid,lotname,isavailable,isvisitor) values ('s84','Premiere Lot',1,0);
insert into space(spaceid,lotname,isavailable,isvisitor) values ('s85','Premiere Lot',1,0);
insert into space(spaceid,lotname,isavailable,isvisitor) values ('s86','Premiere Lot',1,0);
insert into space(spaceid,lotname,isavailable,isvisitor) values ('s87','Premiere Lot',1,0);
insert into space(spaceid,lotname,isavailable,isvisitor) values ('s88','Premiere Lot',1,0);
insert into space(spaceid,lotname,isavailable,isvisitor) values ('s89','Premiere Lot',1,0);
insert into space(spaceid,lotname,isavailable,isvisitor) values ('s90','Premiere Lot',1,0);
insert into space(spaceid,lotname,isavailable,isvisitor) values ('s91','Premiere Lot',1,0);
insert into space(spaceid,lotname,isavailable,isvisitor) values ('s92','Premiere Lot',1,0);
insert into space(spaceid,lotname,isavailable,isvisitor) values ('s93','Premiere Lot',1,0);
insert into space(spaceid,lotname,isavailable,isvisitor) values ('s94','Premiere Lot',1,0);
insert into space(spaceid,lotname,isavailable,isvisitor) values ('s95','Premiere Lot',1,0);
insert into space(spaceid,lotname,isavailable,isvisitor) values ('s96','Premiere Lot',1,0);
insert into space(spaceid,lotname,isavailable,isvisitor) values ('s97','Premiere Lot',1,0);
insert into space(spaceid,lotname,isavailable,isvisitor) values ('s98','Premiere Lot',1,0);
insert into space(spaceid,lotname,isavailable,isvisitor) values ('s99','Premiere Lot',1,0);
insert into space(spaceid,lotname,isavailable,isvisitor) values ('s100','Premiere Lot',1,0);
insert into space(spaceid,lotname,isavailable,isvisitor) values ('s101','Premiere Lot',1,0);
insert into space(spaceid,lotname,isavailable,isvisitor) values ('s102','Premiere Lot',1,0);
insert into space(spaceid,lotname,isavailable,isvisitor) values ('s103','Premiere Lot',1,0);
insert into space(spaceid,lotname,isavailable,isvisitor) values ('s104','Premiere Lot',1,0);
insert into space(spaceid,lotname,isavailable,isvisitor) values ('s105','Premiere Lot',1,0);
insert into space(spaceid,lotname,isavailable,isvisitor) values ('s106','Premiere Lot',1,0);
insert into space(spaceid,lotname,isavailable,isvisitor) values ('s107','Premiere Lot',1,0);
insert into space(spaceid,lotname,isavailable,isvisitor) values ('s108','Premiere Lot',1,0);
insert into space(spaceid,lotname,isavailable,isvisitor) values ('s109','Premiere Lot',1,0);
insert into space(spaceid,lotname,isavailable,isvisitor) values ('s110','Premiere Lot',1,0);
insert into space(spaceid,lotname,isavailable,isvisitor) values ('s111','Premiere Lot',1,0);
insert into space(spaceid,lotname,isavailable,isvisitor) values ('s112','Premiere Lot',1,0);
insert into space(spaceid,lotname,isavailable,isvisitor) values ('s113','Premiere Lot',1,0);
insert into space(spaceid,lotname,isavailable,isvisitor) values ('s114','Premiere Lot',1,0);
insert into space(spaceid,lotname,isavailable,isvisitor) values ('s115','Premiere Lot',1,0);
insert into space(spaceid,lotname,isavailable,isvisitor) values ('s116','Premiere Lot',1,0);
insert into space(spaceid,lotname,isavailable,isvisitor) values ('s117','Premiere Lot',1,0);
insert into space(spaceid,lotname,isavailable,isvisitor) values ('s118','Premiere Lot',1,0);
insert into space(spaceid,lotname,isavailable,isvisitor) values ('s119','Premiere Lot',1,0);
insert into space(spaceid,lotname,isavailable,isvisitor) values ('s120','Premiere Lot',1,0);
insert into space(spaceid,lotname,isavailable,isvisitor) values ('s121','Premiere Lot',1,0);
insert into space(spaceid,lotname,isavailable,isvisitor) values ('s122','Premiere Lot',1,0);
insert into space(spaceid,lotname,isavailable,isvisitor) values ('s123','Premiere Lot',1,0);
insert into space(spaceid,lotname,isavailable,isvisitor) values ('s124','Premiere Lot',1,0);
insert into space(spaceid,lotname,isavailable,isvisitor) values ('s125','Premiere Lot',1,0);
insert into space(spaceid,lotname,isavailable,isvisitor) values ('s126','Premiere Lot',1,0);
insert into space(spaceid,lotname,isavailable,isvisitor) values ('s127','Premiere Lot',1,0);
insert into space(spaceid,lotname,isavailable,isvisitor) values ('s128','Premiere Lot',1,0);
insert into space(spaceid,lotname,isavailable,isvisitor) values ('s129','Premiere Lot',1,0);
insert into space(spaceid,lotname,isavailable,isvisitor) values ('s130','Premiere Lot',1,0);
insert into space(spaceid,lotname,isavailable,isvisitor) values ('s131','Premiere Lot',1,0);
insert into space(spaceid,lotname,isavailable,isvisitor) values ('s132','Premiere Lot',1,0);
insert into space(spaceid,lotname,isavailable,isvisitor) values ('s133','Premiere Lot',1,0);
insert into space(spaceid,lotname,isavailable,isvisitor) values ('s134','Premiere Lot',1,0);
insert into space(spaceid,lotname,isavailable,isvisitor) values ('s135','Premiere Lot',1,0);
insert into space(spaceid,lotname,isavailable,isvisitor) values ('s136','Premiere Lot',1,0);
insert into space(spaceid,lotname,isavailable,isvisitor) values ('s137','Premiere Lot',1,0);
insert into space(spaceid,lotname,isavailable,isvisitor) values ('s138','Premiere Lot',1,0);
insert into space(spaceid,lotname,isavailable,isvisitor) values ('s139','Premiere Lot',1,0);
insert into space(spaceid,lotname,isavailable,isvisitor) values ('s140','Premiere Lot',1,0);
insert into space(spaceid,lotname,isavailable,isvisitor) values ('s141','Premiere Lot',1,0);
insert into space(spaceid,lotname,isavailable,isvisitor) values ('s142','Premiere Lot',1,0);
insert into space(spaceid,lotname,isavailable,isvisitor) values ('s143','Premiere Lot',1,0);
insert into space(spaceid,lotname,isavailable,isvisitor) values ('s144','Premiere Lot',1,0);
insert into space(spaceid,lotname,isavailable,isvisitor) values ('s145','Premiere Lot',1,0);
insert into space(spaceid,lotname,isavailable,isvisitor) values ('s146','Premiere Lot',1,0);
insert into space(spaceid,lotname,isavailable,isvisitor) values ('s147','Premiere Lot',1,0);
insert into space(spaceid,lotname,isavailable,isvisitor) values ('s148','Premiere Lot',1,0);
insert into space(spaceid,lotname,isavailable,isvisitor) values ('s149','Premiere Lot',1,0);
insert into space(spaceid,lotname,isavailable,isvisitor) values ('s150','Premiere Lot',1,0);
insert into space(spaceid,lotname,isavailable,isvisitor) values ('s151','Premiere Lot',1,0);
insert into space(spaceid,lotname,isavailable,isvisitor) values ('s152','Premiere Lot',1,0);
insert into space(spaceid,lotname,isavailable,isvisitor) values ('s153','Premiere Lot',1,0);
insert into space(spaceid,lotname,isavailable,isvisitor) values ('s154','Premiere Lot',1,0);
insert into space(spaceid,lotname,isavailable,isvisitor) values ('s155','Premiere Lot',1,0);
insert into space(spaceid,lotname,isavailable,isvisitor) values ('s156','Premiere Lot',1,0);
insert into space(spaceid,lotname,isavailable,isvisitor) values ('s157','Premiere Lot',1,0);
insert into space(spaceid,lotname,isavailable,isvisitor) values ('s158','Premiere Lot',1,0);
insert into space(spaceid,lotname,isavailable,isvisitor) values ('s159','Premiere Lot',1,0);
insert into space(spaceid,lotname,isavailable,isvisitor) values ('s160','Premiere Lot',1,0);
insert into space(spaceid,lotname,isavailable,isvisitor) values ('s161','Premiere Lot',1,0);
insert into space(spaceid,lotname,isavailable,isvisitor) values ('s162','Premiere Lot',1,0);
insert into space(spaceid,lotname,isavailable,isvisitor) values ('s163','Premiere Lot',1,0);
insert into space(spaceid,lotname,isavailable,isvisitor) values ('s164','Premiere Lot',1,0);
insert into space(spaceid,lotname,isavailable,isvisitor) values ('s165','Premiere Lot',1,0);
insert into space(spaceid,lotname,isavailable,isvisitor) values ('s166','Premiere Lot',1,0);
insert into space(spaceid,lotname,isavailable,isvisitor) values ('s167','Premiere Lot',1,0);
insert into space(spaceid,lotname,isavailable,isvisitor) values ('s168','Premiere Lot',1,0);
insert into space(spaceid,lotname,isavailable,isvisitor) values ('s169','Premiere Lot',1,0);
insert into space(spaceid,lotname,isavailable,isvisitor) values ('s170','Premiere Lot',1,0);
insert into space(spaceid,lotname,isavailable,isvisitor) values ('s171','Premiere Lot',1,0);
insert into space(spaceid,lotname,isavailable,isvisitor) values ('s172','Premiere Lot',1,0);
insert into space(spaceid,lotname,isavailable,isvisitor) values ('s173','Premiere Lot',1,0);
insert into space(spaceid,lotname,isavailable,isvisitor) values ('s174','Premiere Lot',1,0);
insert into space(spaceid,lotname,isavailable,isvisitor) values ('s175','Premiere Lot',1,0);
insert into space(spaceid,lotname,isavailable,isvisitor) values ('s176','Premiere Lot',1,0);
insert into space(spaceid,lotname,isavailable,isvisitor) values ('s177','Premiere Lot',1,0);
insert into space(spaceid,lotname,isavailable,isvisitor) values ('s178','Premiere Lot',1,0);
insert into space(spaceid,lotname,isavailable,isvisitor) values ('s179','Premiere Lot',1,0);
insert into space(spaceid,lotname,isavailable,isvisitor) values ('s180','Premiere Lot',1,0);
insert into space(spaceid,lotname,isavailable,isvisitor) values ('s181','Premiere Lot',1,0);
insert into space(spaceid,lotname,isavailable,isvisitor) values ('s182','Premiere Lot',1,0);
insert into space(spaceid,lotname,isavailable,isvisitor) values ('s183','Premiere Lot',1,0);
insert into space(spaceid,lotname,isavailable,isvisitor) values ('s184','Premiere Lot',1,0);
insert into space(spaceid,lotname,isavailable,isvisitor) values ('s185','Premiere Lot',1,0);
insert into space(spaceid,lotname,isavailable,isvisitor) values ('s186','Premiere Lot',1,0);
insert into space(spaceid,lotname,isavailable,isvisitor) values ('s187','Premiere Lot',1,0);
insert into space(spaceid,lotname,isavailable,isvisitor) values ('s188','Premiere Lot',1,0);
insert into space(spaceid,lotname,isavailable,isvisitor) values ('s189','Premiere Lot',1,0);
insert into space(spaceid,lotname,isavailable,isvisitor) values ('s190','Premiere Lot',1,0);
insert into space(spaceid,lotname,isavailable,isvisitor) values ('s191','Premiere Lot',1,0);
insert into space(spaceid,lotname,isavailable,isvisitor) values ('s192','Premiere Lot',1,0);
insert into space(spaceid,lotname,isavailable,isvisitor) values ('s193','Premiere Lot',1,0);
insert into space(spaceid,lotname,isavailable,isvisitor) values ('s194','Premiere Lot',1,0);
insert into space(spaceid,lotname,isavailable,isvisitor) values ('s195','Premiere Lot',1,0);
insert into space(spaceid,lotname,isavailable,isvisitor) values ('s196','Premiere Lot',1,0);
insert into space(spaceid,lotname,isavailable,isvisitor) values ('s197','Premiere Lot',1,0);
insert into space(spaceid,lotname,isavailable,isvisitor) values ('s198','Premiere Lot',1,0);
insert into space(spaceid,lotname,isavailable,isvisitor) values ('s199','Premiere Lot',1,0);
insert into space(spaceid,lotname,isavailable,isvisitor) values ('s200','Premiere Lot',1,1);
insert into space(spaceid,lotname,isavailable,isvisitor) values ('s1','Justice Lot',1,0);
insert into space(spaceid,lotname,isavailable,isvisitor) values ('s2','Justice Lot',1,0);
insert into space(spaceid,lotname,isavailable,isvisitor) values ('s3','Justice Lot',1,0);
insert into space(spaceid,lotname,isavailable,isvisitor) values ('s4','Justice Lot',1,0);
insert into space(spaceid,lotname,isavailable,isvisitor) values ('s5','Justice Lot',1,0);
insert into space(spaceid,lotname,isavailable,isvisitor) values ('s6','Justice Lot',1,0);
insert into space(spaceid,lotname,isavailable,isvisitor) values ('s7','Justice Lot',1,0);
insert into space(spaceid,lotname,isavailable,isvisitor) values ('s8','Justice Lot',1,0);
insert into space(spaceid,lotname,isavailable,isvisitor) values ('s9','Justice Lot',1,0);
insert into space(spaceid,lotname,isavailable,isvisitor) values ('s10','Justice Lot',1,0);
insert into space(spaceid,lotname,isavailable,isvisitor) values ('s11','Justice Lot',1,0);
insert into space(spaceid,lotname,isavailable,isvisitor) values ('s12','Justice Lot',1,0);
insert into space(spaceid,lotname,isavailable,isvisitor) values ('s13','Justice Lot',1,0);
insert into space(spaceid,lotname,isavailable,isvisitor) values ('s14','Justice Lot',1,0);
insert into space(spaceid,lotname,isavailable,isvisitor) values ('s15','Justice Lot',1,0);
insert into space(spaceid,lotname,isavailable,isvisitor) values ('s16','Justice Lot',1,0);
insert into space(spaceid,lotname,isavailable,isvisitor) values ('s17','Justice Lot',1,0);
insert into space(spaceid,lotname,isavailable,isvisitor) values ('s18','Justice Lot',1,0);
insert into space(spaceid,lotname,isavailable,isvisitor) values ('s19','Justice Lot',1,0);
insert into space(spaceid,lotname,isavailable,isvisitor) values ('s20','Justice Lot',1,0);
insert into space(spaceid,lotname,isavailable,isvisitor) values ('s21','Justice Lot',1,0);
insert into space(spaceid,lotname,isavailable,isvisitor) values ('s22','Justice Lot',1,0);
insert into space(spaceid,lotname,isavailable,isvisitor) values ('s23','Justice Lot',1,0);
insert into space(spaceid,lotname,isavailable,isvisitor) values ('s24','Justice Lot',1,0);
insert into space(spaceid,lotname,isavailable,isvisitor) values ('s25','Justice Lot',1,0);
insert into space(spaceid,lotname,isavailable,isvisitor) values ('s26','Justice Lot',1,0);
insert into space(spaceid,lotname,isavailable,isvisitor) values ('s27','Justice Lot',1,0);
insert into space(spaceid,lotname,isavailable,isvisitor) values ('s28','Justice Lot',1,0);
insert into space(spaceid,lotname,isavailable,isvisitor) values ('s29','Justice Lot',1,0);
insert into space(spaceid,lotname,isavailable,isvisitor) values ('s30','Justice Lot',1,0);
insert into space(spaceid,lotname,isavailable,isvisitor) values ('s31','Justice Lot',1,0);
insert into space(spaceid,lotname,isavailable,isvisitor) values ('s32','Justice Lot',1,0);
insert into space(spaceid,lotname,isavailable,isvisitor) values ('s33','Justice Lot',1,0);
insert into space(spaceid,lotname,isavailable,isvisitor) values ('s34','Justice Lot',1,0);
insert into space(spaceid,lotname,isavailable,isvisitor) values ('s35','Justice Lot',1,0);
insert into space(spaceid,lotname,isavailable,isvisitor) values ('s36','Justice Lot',1,0);
insert into space(spaceid,lotname,isavailable,isvisitor) values ('s37','Justice Lot',1,0);
insert into space(spaceid,lotname,isavailable,isvisitor) values ('s38','Justice Lot',1,0);
insert into space(spaceid,lotname,isavailable,isvisitor) values ('s39','Justice Lot',1,0);
insert into space(spaceid,lotname,isavailable,isvisitor) values ('s40','Justice Lot',1,0);
insert into space(spaceid,lotname,isavailable,isvisitor) values ('s41','Justice Lot',1,0);
insert into space(spaceid,lotname,isavailable,isvisitor) values ('s42','Justice Lot',1,0);
insert into space(spaceid,lotname,isavailable,isvisitor) values ('s43','Justice Lot',1,0);
insert into space(spaceid,lotname,isavailable,isvisitor) values ('s44','Justice Lot',1,0);
insert into space(spaceid,lotname,isavailable,isvisitor) values ('s45','Justice Lot',1,0);
insert into space(spaceid,lotname,isavailable,isvisitor) values ('s46','Justice Lot',1,0);
insert into space(spaceid,lotname,isavailable,isvisitor) values ('s47','Justice Lot',1,0);
insert into space(spaceid,lotname,isavailable,isvisitor) values ('s48','Justice Lot',1,0);
insert into space(spaceid,lotname,isavailable,isvisitor) values ('s49','Justice Lot',1,0);
insert into space(spaceid,lotname,isavailable,isvisitor) values ('s50','Justice Lot',1,0);
insert into space(spaceid,lotname,isavailable,isvisitor) values ('s51','Justice Lot',1,0);
insert into space(spaceid,lotname,isavailable,isvisitor) values ('s52','Justice Lot',1,0);
insert into space(spaceid,lotname,isavailable,isvisitor) values ('s53','Justice Lot',1,0);
insert into space(spaceid,lotname,isavailable,isvisitor) values ('s54','Justice Lot',1,0);
insert into space(spaceid,lotname,isavailable,isvisitor) values ('s55','Justice Lot',1,0);
insert into space(spaceid,lotname,isavailable,isvisitor) values ('s56','Justice Lot',1,0);
insert into space(spaceid,lotname,isavailable,isvisitor) values ('s57','Justice Lot',1,0);
insert into space(spaceid,lotname,isavailable,isvisitor) values ('s58','Justice Lot',1,0);
insert into space(spaceid,lotname,isavailable,isvisitor) values ('s59','Justice Lot',1,0);
insert into space(spaceid,lotname,isavailable,isvisitor) values ('s60','Justice Lot',1,0);
insert into space(spaceid,lotname,isavailable,isvisitor) values ('s61','Justice Lot',1,0);
insert into space(spaceid,lotname,isavailable,isvisitor) values ('s62','Justice Lot',1,0);
insert into space(spaceid,lotname,isavailable,isvisitor) values ('s63','Justice Lot',1,0);
insert into space(spaceid,lotname,isavailable,isvisitor) values ('s64','Justice Lot',1,0);
insert into space(spaceid,lotname,isavailable,isvisitor) values ('s65','Justice Lot',1,0);
insert into space(spaceid,lotname,isavailable,isvisitor) values ('s66','Justice Lot',1,0);
insert into space(spaceid,lotname,isavailable,isvisitor) values ('s67','Justice Lot',1,0);
insert into space(spaceid,lotname,isavailable,isvisitor) values ('s68','Justice Lot',1,0);
insert into space(spaceid,lotname,isavailable,isvisitor) values ('s69','Justice Lot',1,0);
insert into space(spaceid,lotname,isavailable,isvisitor) values ('s70','Justice Lot',1,0);
insert into space(spaceid,lotname,isavailable,isvisitor) values ('s71','Justice Lot',1,0);
insert into space(spaceid,lotname,isavailable,isvisitor) values ('s72','Justice Lot',1,0);
insert into space(spaceid,lotname,isavailable,isvisitor) values ('s73','Justice Lot',1,0);
insert into space(spaceid,lotname,isavailable,isvisitor) values ('s74','Justice Lot',1,0);
insert into space(spaceid,lotname,isavailable,isvisitor) values ('s75','Justice Lot',1,0);
insert into space(spaceid,lotname,isavailable,isvisitor) values ('s76','Justice Lot',1,0);
insert into space(spaceid,lotname,isavailable,isvisitor) values ('s77','Justice Lot',1,0);
insert into space(spaceid,lotname,isavailable,isvisitor) values ('s78','Justice Lot',1,0);
insert into space(spaceid,lotname,isavailable,isvisitor) values ('s79','Justice Lot',1,0);
insert into space(spaceid,lotname,isavailable,isvisitor) values ('s80','Justice Lot',1,0);
insert into space(spaceid,lotname,isavailable,isvisitor) values ('s81','Justice Lot',1,0);
insert into space(spaceid,lotname,isavailable,isvisitor) values ('s82','Justice Lot',1,0);
insert into space(spaceid,lotname,isavailable,isvisitor) values ('s83','Justice Lot',1,0);
insert into space(spaceid,lotname,isavailable,isvisitor) values ('s84','Justice Lot',1,0);
insert into space(spaceid,lotname,isavailable,isvisitor) values ('s85','Justice Lot',1,0);
insert into space(spaceid,lotname,isavailable,isvisitor) values ('s86','Justice Lot',1,0);
insert into space(spaceid,lotname,isavailable,isvisitor) values ('s87','Justice Lot',1,0);
insert into space(spaceid,lotname,isavailable,isvisitor) values ('s88','Justice Lot',1,0);
insert into space(spaceid,lotname,isavailable,isvisitor) values ('s89','Justice Lot',1,0);
insert into space(spaceid,lotname,isavailable,isvisitor) values ('s90','Justice Lot',1,0);
insert into space(spaceid,lotname,isavailable,isvisitor) values ('s91','Justice Lot',1,0);
insert into space(spaceid,lotname,isavailable,isvisitor) values ('s92','Justice Lot',1,0);
insert into space(spaceid,lotname,isavailable,isvisitor) values ('s93','Justice Lot',1,0);
insert into space(spaceid,lotname,isavailable,isvisitor) values ('s94','Justice Lot',1,0);
insert into space(spaceid,lotname,isavailable,isvisitor) values ('s95','Justice Lot',1,0);
insert into space(spaceid,lotname,isavailable,isvisitor) values ('s96','Justice Lot',1,0);
insert into space(spaceid,lotname,isavailable,isvisitor) values ('s97','Justice Lot',1,0);
insert into space(spaceid,lotname,isavailable,isvisitor) values ('s98','Justice Lot',1,0);
insert into space(spaceid,lotname,isavailable,isvisitor) values ('s99','Justice Lot',1,0);
insert into space(spaceid,lotname,isavailable,isvisitor) values ('s100','Justice Lot',1,0);
insert into space(spaceid,lotname,isavailable,isvisitor) values ('s101','Justice Lot',1,0);
insert into space(spaceid,lotname,isavailable,isvisitor) values ('s102','Justice Lot',1,0);
insert into space(spaceid,lotname,isavailable,isvisitor) values ('s103','Justice Lot',1,0);
insert into space(spaceid,lotname,isavailable,isvisitor) values ('s104','Justice Lot',1,0);
insert into space(spaceid,lotname,isavailable,isvisitor) values ('s105','Justice Lot',1,0);
insert into space(spaceid,lotname,isavailable,isvisitor) values ('s106','Justice Lot',1,0);
insert into space(spaceid,lotname,isavailable,isvisitor) values ('s107','Justice Lot',1,0);
insert into space(spaceid,lotname,isavailable,isvisitor) values ('s108','Justice Lot',1,0);
insert into space(spaceid,lotname,isavailable,isvisitor) values ('s109','Justice Lot',1,0);
insert into space(spaceid,lotname,isavailable,isvisitor) values ('s110','Justice Lot',1,0);
insert into space(spaceid,lotname,isavailable,isvisitor) values ('s111','Justice Lot',1,0);
insert into space(spaceid,lotname,isavailable,isvisitor) values ('s112','Justice Lot',1,0);
insert into space(spaceid,lotname,isavailable,isvisitor) values ('s113','Justice Lot',1,0);
insert into space(spaceid,lotname,isavailable,isvisitor) values ('s114','Justice Lot',1,0);
insert into space(spaceid,lotname,isavailable,isvisitor) values ('s115','Justice Lot',1,0);
insert into space(spaceid,lotname,isavailable,isvisitor) values ('s116','Justice Lot',1,0);
insert into space(spaceid,lotname,isavailable,isvisitor) values ('s117','Justice Lot',1,0);
insert into space(spaceid,lotname,isavailable,isvisitor) values ('s118','Justice Lot',1,0);
insert into space(spaceid,lotname,isavailable,isvisitor) values ('s119','Justice Lot',1,0);
insert into space(spaceid,lotname,isavailable,isvisitor) values ('s120','Justice Lot',1,0);
insert into space(spaceid,lotname,isavailable,isvisitor) values ('s121','Justice Lot',1,0);
insert into space(spaceid,lotname,isavailable,isvisitor) values ('s122','Justice Lot',1,0);
insert into space(spaceid,lotname,isavailable,isvisitor) values ('s123','Justice Lot',1,0);
insert into space(spaceid,lotname,isavailable,isvisitor) values ('s124','Justice Lot',1,0);
insert into space(spaceid,lotname,isavailable,isvisitor) values ('s125','Justice Lot',1,0);
insert into space(spaceid,lotname,isavailable,isvisitor) values ('s126','Justice Lot',1,0);
insert into space(spaceid,lotname,isavailable,isvisitor) values ('s127','Justice Lot',1,0);
insert into space(spaceid,lotname,isavailable,isvisitor) values ('s128','Justice Lot',1,0);
insert into space(spaceid,lotname,isavailable,isvisitor) values ('s129','Justice Lot',1,0);
insert into space(spaceid,lotname,isavailable,isvisitor) values ('s130','Justice Lot',1,0);
insert into space(spaceid,lotname,isavailable,isvisitor) values ('s131','Justice Lot',1,0);
insert into space(spaceid,lotname,isavailable,isvisitor) values ('s132','Justice Lot',1,0);
insert into space(spaceid,lotname,isavailable,isvisitor) values ('s133','Justice Lot',1,0);
insert into space(spaceid,lotname,isavailable,isvisitor) values ('s134','Justice Lot',1,0);
insert into space(spaceid,lotname,isavailable,isvisitor) values ('s135','Justice Lot',1,0);
insert into space(spaceid,lotname,isavailable,isvisitor) values ('s136','Justice Lot',1,0);
insert into space(spaceid,lotname,isavailable,isvisitor) values ('s137','Justice Lot',1,0);
insert into space(spaceid,lotname,isavailable,isvisitor) values ('s138','Justice Lot',1,0);
insert into space(spaceid,lotname,isavailable,isvisitor) values ('s139','Justice Lot',1,0);
insert into space(spaceid,lotname,isavailable,isvisitor) values ('s140','Justice Lot',1,0);
insert into space(spaceid,lotname,isavailable,isvisitor) values ('s141','Justice Lot',1,0);
insert into space(spaceid,lotname,isavailable,isvisitor) values ('s142','Justice Lot',1,0);
insert into space(spaceid,lotname,isavailable,isvisitor) values ('s143','Justice Lot',1,0);
insert into space(spaceid,lotname,isavailable,isvisitor) values ('s144','Justice Lot',1,0);
insert into space(spaceid,lotname,isavailable,isvisitor) values ('s145','Justice Lot',1,0);
insert into space(spaceid,lotname,isavailable,isvisitor) values ('s146','Justice Lot',1,0);
insert into space(spaceid,lotname,isavailable,isvisitor) values ('s147','Justice Lot',1,0);
insert into space(spaceid,lotname,isavailable,isvisitor) values ('s148','Justice Lot',1,0);
insert into space(spaceid,lotname,isavailable,isvisitor) values ('s149','Justice Lot',1,0);
insert into space(spaceid,lotname,isavailable,isvisitor) values ('s150','Justice Lot',1,0);
insert into space(spaceid,spacetype,lotname,isavailable,isvisitor) values ('s151','handicapped','Justice Lot',1,0);
insert into space(spaceid,spacetype,lotname,isavailable,isvisitor) values ('s152','handicapped','Justice Lot',1,0);
insert into space(spaceid,spacetype,lotname,isavailable,isvisitor) values ('s153','handicapped','Justice Lot',1,0);
insert into space(spaceid,spacetype,lotname,isavailable,isvisitor) values ('s154','handicapped','Justice Lot',1,0);
insert into space(spaceid,spacetype,lotname,isavailable,isvisitor) values ('s155','handicapped','Justice Lot',1,0);
insert into space(spaceid,lotname,isavailable,isvisitor) values ('s156','Justice Lot',1,0);
insert into space(spaceid,lotname,isavailable,isvisitor) values ('s157','Justice Lot',1,0);
insert into space(spaceid,lotname,isavailable,isvisitor) values ('s158','Justice Lot',1,0);
insert into space(spaceid,lotname,isavailable,isvisitor) values ('s159','Justice Lot',1,0);
insert into space(spaceid,lotname,isavailable,isvisitor) values ('s160','Justice Lot',1,0);
insert into space(spaceid,lotname,isavailable,isvisitor) values ('s161','Justice Lot',1,0);
insert into space(spaceid,lotname,isavailable,isvisitor) values ('s162','Justice Lot',1,0);
insert into space(spaceid,lotname,isavailable,isvisitor) values ('s163','Justice Lot',1,0);
insert into space(spaceid,lotname,isavailable,isvisitor) values ('s164','Justice Lot',1,0);
insert into space(spaceid,lotname,isavailable,isvisitor) values ('s165','Justice Lot',1,0);
insert into space(spaceid,lotname,isavailable,isvisitor) values ('s166','Justice Lot',1,0);
insert into space(spaceid,lotname,isavailable,isvisitor) values ('s167','Justice Lot',1,0);
insert into space(spaceid,lotname,isavailable,isvisitor) values ('s168','Justice Lot',1,0);
insert into space(spaceid,lotname,isavailable,isvisitor) values ('s169','Justice Lot',1,0);
insert into space(spaceid,lotname,isavailable,isvisitor) values ('s170','Justice Lot',1,0);
insert into space(spaceid,lotname,isavailable,isvisitor) values ('s171','Justice Lot',1,0);
insert into space(spaceid,spacetype,lotname,isavailable,isvisitor) values ('s172','electric','Justice Lot',1,0);
insert into space(spaceid,spacetype,lotname,isavailable,isvisitor) values ('s173','electric','Justice Lot',1,0);
insert into space(spaceid,spacetype,lotname,isavailable,isvisitor) values ('s174','electric','Justice Lot',1,0);
insert into space(spaceid,spacetype,lotname,isavailable,isvisitor) values ('s175','electric','Justice Lot',1,0);
